Region,Intertidal_zone,Marine,Soil,Human,Freshwater,RefSeq
Intertidal_zone,16.62373979,0,0,0,0,0
Marine,1.545367577,18.95650894,0,0,0,0
Soil,0.478328059,0.757966002,14.96798881,0,0,0
Human,0.066230039,0.147177864,0.139818971,15.7406726,0,0
Freshwater,0.802119361,3.31150195,1.442343072,0.397380234,17.52152476,0
RefSeq,0.161895651,0.522481419,0.338509088,0.772683788,0.316432409,4.989329605
